{"cameraMode":{"drawMode":0,"name":"Shaded","section":"Shading Mode"},"sceneLighting":true,"audioPlay":false,"sceneViewState":{"showFog":true,"showMaterialUpdate":false,"showSkybox":true,"showFlares":true,"showImageEffects":true,"showParticleSystems":true},"in2DMode":false,"pivot":{"x":5.51123571395874,"y":7.798050880432129,"z":-1.7272777557373047},"rotation":{"x":-0.001462391926907003,"y":0.22251951694488526,"z":0.0003337796952109784,"w":0.9749271273612976},"size":27.58240509033203,"orthographic":false}